{"cameraMode":{"drawMode":3,"name":"Shadow Cascades","section":"Miscellaneous"},"sceneLighting":true,"audioPlay":false,"sceneViewState":{"showFog":true,"showMaterialUpdate":false,"showSkybox":true,"showFlares":true,"showImageEffects":true,"showParticleSystems":true},"in2DMode":false,"pivot":{"x":37.01060485839844,"y":19.322839736938478,"z":26.243438720703126},"rotation":{"x":0.18037569522857667,"y":0.27474188804626467,"z":-0.05258038267493248,"w":0.9430214762687683},"size":9.231200218200684,"orthographic":false}