{"cameraMode":{"drawMode":0,"name":"Shaded","section":"Shading Mode"},"sceneLighting":true,"audioPlay":false,"sceneViewState":{"showFog":true,"showMaterialUpdate":false,"showSkybox":true,"showFlares":true,"showImageEffects":true,"showParticleSystems":true},"in2DMode":false,"pivot":{"x":-1.4341020584106446,"y":1.608905553817749,"z":-5.035862445831299},"rotation":{"x":-0.06053736060857773,"y":0.6926589012145996,"z":-0.05853657051920891,"w":-0.7163336277008057},"size":0.8660253882408142,"orthographic":false}