{"cameraMode":{"drawMode":0,"name":"Shaded","section":"Shading Mode"},"sceneLighting":false,"audioPlay":false,"sceneViewState":{"showFog":true,"showMaterialUpdate":false,"showSkybox":false,"showFlares":true,"showImageEffects":true,"showParticleSystems":true},"in2DMode":false,"pivot":{"x":-1.9693307876586915,"y":-1.0,"z":-0.3772096633911133},"rotation":{"x":-0.00008058293315116316,"y":-0.9666801691055298,"z":0.00029896810883656144,"w":-0.25601160526275637},"size":11.43795394897461,"orthographic":false}