{"cameraMode":{"drawMode":0,"name":"Shaded","section":"Shading Mode"},"sceneLighting":true,"audioPlay":false,"sceneViewState":{"showFog":true,"showMaterialUpdate":false,"showSkybox":true,"showFlares":true,"showImageEffects":true,"showParticleSystems":true},"in2DMode":false,"pivot":{"x":-9.839990615844727,"y":2.1244759559631349,"z":1.3883280754089356},"rotation":{"x":0.14765670895576478,"y":0.3564068377017975,"z":-0.05715124309062958,"w":0.9208203554153442},"size":1.7716959714889527,"orthographic":true}