{"cameraMode":{"drawMode":3,"name":"Shadow Cascades","section":"Miscellaneous"},"sceneLighting":true,"audioPlay":false,"sceneViewState":{"showFog":true,"showMaterialUpdate":false,"showSkybox":true,"showFlares":true,"showImageEffects":true,"showParticleSystems":true},"in2DMode":false,"pivot":{"x":58.83000183105469,"y":2.8500003814697267,"z":16.530000686645509},"rotation":{"x":0.2742694318294525,"y":-0.1575375497341156,"z":0.04545691981911659,"w":0.9476562738418579},"size":38.58613967895508,"orthographic":false}