{"cameraMode":{"drawMode":3,"name":"Shadow Cascades","section":"Miscellaneous"},"sceneLighting":true,"audioPlay":false,"sceneViewState":{"showFog":true,"showMaterialUpdate":false,"showSkybox":true,"showFlares":true,"showImageEffects":true,"showParticleSystems":true},"in2DMode":false,"pivot":{"x":8.800674438476563,"y":0.5376311540603638,"z":6.7485809326171879},"rotation":{"x":0.16746896505355836,"y":-0.29967787861824038,"z":0.053459346294403079,"w":0.9377796649932861},"size":6.947149276733398,"orthographic":false}