{"cameraMode":{"drawMode":0,"name":"Shaded","section":"Shading Mode"},"sceneLighting":false,"audioPlay":false,"sceneViewState":{"showFog":true,"showMaterialUpdate":false,"showSkybox":false,"showFlares":true,"showImageEffects":true,"showParticleSystems":true},"in2DMode":false,"pivot":{"x":-1.4341020584106446,"y":1.608905553817749,"z":-5.035862445831299},"rotation":{"x":-0.06264522671699524,"y":0.9012887477874756,"z":-0.13926918804645539,"w":-0.4054125249385834},"size":0.8660253882408142,"orthographic":false}