{"cameraMode":{"drawMode":3,"name":"Shadow Cascades","section":"Miscellaneous"},"sceneLighting":true,"audioPlay":false,"sceneViewState":{"showFog":true,"showMaterialUpdate":false,"showSkybox":false,"showFlares":true,"showImageEffects":true,"showParticleSystems":true},"in2DMode":false,"pivot":{"x":-2.2066049575805666,"y":1.3840694427490235,"z":-2.40643310546875},"rotation":{"x":0.14050352573394776,"y":-0.7145233154296875,"z":0.15001782774925233,"w":0.668843686580658},"size":2.666025400161743,"orthographic":false}