{"cameraMode":{"drawMode":0,"name":"Shaded","section":"Shading Mode"},"sceneLighting":true,"audioPlay":false,"sceneViewState":{"showFog":true,"showMaterialUpdate":false,"showSkybox":true,"showFlares":true,"showImageEffects":true,"showParticleSystems":true},"in2DMode":false,"pivot":{"x":-2.023728609085083,"y":4.522907257080078,"z":-2.403519630432129},"rotation":{"x":0.23010274767875672,"y":-0.6607475280761719,"z":0.2241102159023285,"w":0.6784172058105469},"size":11.253129959106446,"orthographic":true}