{"cameraMode":{"drawMode":0,"name":"Shaded","section":"Shading Mode"},"sceneLighting":false,"audioPlay":false,"sceneViewState":{"showFog":true,"showMaterialUpdate":false,"showSkybox":false,"showFlares":true,"showImageEffects":true,"showParticleSystems":true},"in2DMode":false,"pivot":{"x":3.2676260471343996,"y":2.9488234519958498,"z":-5.243602752685547},"rotation":{"x":-0.012849511578679085,"y":-0.8820600509643555,"z":0.024094197899103166,"w":-0.4703584313392639},"size":10.0,"orthographic":false}