{"cameraMode":{"drawMode":0,"name":"Shaded","section":"Shading Mode"},"sceneLighting":true,"audioPlay":false,"sceneViewState":{"showFog":true,"showMaterialUpdate":false,"showSkybox":true,"showFlares":true,"showImageEffects":true,"showParticleSystems":true},"in2DMode":false,"pivot":{"x":-12.467686653137207,"y":1.0570348501205445,"z":-0.029368877410888673},"rotation":{"x":0.1375284492969513,"y":-0.4258754849433899,"z":0.06567221879959107,"w":0.8918541073799133},"size":11.91758918762207,"orthographic":false}