{"cameraMode":{"drawMode":0,"name":"Shaded","section":"Shading Mode"},"sceneLighting":true,"audioPlay":false,"sceneViewState":{"showFog":true,"showMaterialUpdate":false,"showSkybox":true,"showFlares":true,"showImageEffects":true,"showParticleSystems":true},"in2DMode":false,"pivot":{"x":-0.0917031541466713,"y":1.584512710571289,"z":0.08602001518011093},"rotation":{"x":0.019099481403827668,"y":0.9796009659767151,"z":-0.16462764143943788,"w":0.11364974081516266},"size":3.376953125,"orthographic":true}