{"cameraMode":{"drawMode":3,"name":"Shadow Cascades","section":"Miscellaneous"},"sceneLighting":true,"audioPlay":false,"sceneViewState":{"showFog":true,"showMaterialUpdate":false,"showSkybox":true,"showFlares":true,"showImageEffects":true,"showParticleSystems":true},"in2DMode":false,"pivot":{"x":57.15118408203125,"y":9.660848617553711,"z":21.739227294921876},"rotation":{"x":0.10498150438070297,"y":0.7510338425636292,"z":-0.12324178218841553,"w":0.6402027010917664},"size":28.340972900390626,"orthographic":false}