{"cameraMode":{"drawMode":3,"name":"Shadow Cascades","section":"Miscellaneous"},"sceneLighting":true,"audioPlay":false,"sceneViewState":{"showFog":true,"showMaterialUpdate":false,"showSkybox":false,"showFlares":true,"showImageEffects":true,"showParticleSystems":true},"in2DMode":false,"pivot":{"x":4.409999847412109,"y":2.1244707107543947,"z":1.3899999856948853},"rotation":{"x":0.1504925787448883,"y":0.04269353300333023,"z":-0.006559574976563454,"w":0.9877385497093201},"size":1.7716954946517945,"orthographic":false}